IBGE2;IBGE;Munic;População;Ano;PIB;Intermediaria
  10;310010;Abadia dos Dourados;   6972;2017; 33389769;Uberlândia
  20;310020;Abaeté;  23223;2017; 96201158;Divinópolis
  30;310030;Abre Campo;  13465;2017; 29149429;Juíz de Fora
  40;310040;Acaiaca;   3994;2017;  2521892;Juíz de Fora
  50;310050;Açucena;   9575;2017; 15250077;Ipatinga
  60;310060;Água Boa;  13600;2017; 29988906;Teófilo Otoni
  70;310070;Água Comprida;   2005;2017; 74771408;Uberaba
  80;310080;Aguanil;   4448;2017; 15444038;Varginha
  90;310090;Águas Formosas;  19166;2017; 11236696;Teófilo Otoni
 100;310100;Águas Vermelhas;  13477;2017; 48088397;Teófilo Otoni
 110;310110;Aimorés;  25193;2017; 40978913;Governador Valadares
 120;310120;Aiuruoca;   6032;2017; 18070063;Pouso Alegre
 130;310130;Alagoa;   2683;2017;  6253506;Pouso Alegre
 140;310140;Albertina;   3003;2017;  9281144;Pouso Alegre
 150;310150;Além Paraíba;  35321;2017;  7177987;Juíz de Fora
 160;310160;Alfenas;  79481;2017;113273452;Varginha
 163;310163;Alfredo Vasconcelos;   6831;2017; 18120398;Barbacena
 170;310170;Almenara;  41642;2017; 14643130;Teófilo Otoni
 180;310180;Alpercata;   7411;2017;  5181868;Governador Valadares
 190;310190;Alpinópolis;  19745;2017; 65873757;Varginha
 200;310200;Alterosa;  14414;2017; 46020260;Varginha
 205;310205;Alto Caparaó;   5799;2017; 13254901;Juíz de Fora
 210;310210;Alto Rio Doce;  11146;2017; 60555391;Barbacena
 220;310220;Alvarenga;   3973;2017;  5201999;Ipatinga
 230;310230;Alvinópolis;  15239;2017; 20876260;Juíz de Fora
 240;310240;Alvorada de Minas;   3606;2017;  5926838;Teófilo Otoni
 250;310250;Amparo do Serra;   4751;2017;  5807378;Juíz de Fora
 260;310260;Andradas;  40747;2017; 70406985;Pouso Alegre
 270;310270;Cachoeira de Pajeú;   9382;2017;  3782495;Teófilo Otoni
 280;310280;Andrelândia;  12242;2017; 42313887;Juíz de Fora
 285;310285;Angelândia;   8481;2017; 15481779;Teófilo Otoni
 290;310290;Antônio Carlos;  11432;2017; 20683187;Barbacena
 300;310300;Antônio Dias;   9363;2017; 21966457;Ipatinga
 310;310310;Antônio Prado de Minas;   1609;2017;  2444453;Juíz de Fora
 320;310320;Araçaí;   2341;2017; 12038085;Belo Horizonte
 330;310330;Aracitaba;   2066;2017;  2625411;Juíz de Fora
 340;310340;Araçuaí;  36705;2017; 12817508;Teófilo Otoni
 350;310350;Araguari; 116691;2017;266428189;Uberlândia
 360;310360;Arantina;   2804;2017; 15908545;Juíz de Fora
 370;310370;Araponga;   8425;2017; 29127808;Juíz de Fora
 375;310375;Araporã;   6804;2017; 44734499;Uberlândia
 380;310380;Arapuá;   2833;2017; 11895224;Patos de Minas
 390;310390;Araújos;   9142;2017;111981239;Divinópolis
 400;310400;Araxá; 105083;2017; 89070627;Uberaba
 410;310410;Arceburgo;  10657;2017; 14030763;Varginha
 420;310420;Arcos;  39793;2017; 32388231;Divinópolis
 430;310430;Areado;  14955;2017; 38594152;Varginha
 440;310440;Argirita;   2751;2017;  4090949;Juíz de Fora
 445;310445;Aricanduva;   5191;2017;  9309704;Teófilo Otoni
 450;310450;Arinos;  17888;2017; 40624199;Patos de Minas
 460;310460;Astolfo Dutra;  14085;2017; 24621467;Juíz de Fora
 470;310470;Ataléia;  13064;2017; 25662266;Teófilo Otoni
 480;310480;Augusto de Lima;   4888;2017;  8783348;Belo Horizonte
 490;310490;Baependi;  19094;2017; 20893866;Pouso Alegre
 500;310500;Baldim;   7851;2017; 13467232;Belo Horizonte
 510;310510;Bambuí;  23757;2017;118186115;Divinópolis
 520;310520;Bandeira;   4825;2017;  8157208;Teófilo Otoni
 530;310530;Bandeira do Sul;   5713;2017;  2880551;Pouso Alegre
 540;310540;Barão de Cocais;  32319;2017;  9429857;Belo Horizonte
 550;310550;Barão de Monte Alto;   5443;2017;  4506502;Juíz de Fora
 560;310560;Barbacena; 136392;2017; 91839761;Barbacena
 570;310570;Barra Longa;   5250;2017;  9941414;Juíz de Fora
 590;310590;Barroso;  20720;2017;  2458784;Barbacena
 600;310600;Bela Vista de Minas;  10248;2017; 10811465;Ipatinga
 610;310610;Belmiro Braga;   3433;2017;  7258241;Juíz de Fora
 620;310620;Belo Horizonte;2501576;2017;  1981644;Belo Horizonte
 630;310630;Belo Oriente;  26396;2017; 12018348;Ipatinga
 640;310640;Belo Vale;   7710;2017; 13388883;Barbacena
 650;310650;Berilo;  11995;2017;  3701908;Teófilo Otoni
 660;310660;Bertópolis;   4602;2017;  6166119;Teófilo Otoni
 665;310665;Berizal;   4705;2017;  3809724;Montes Claros
 670;310670;Betim; 432575;2017; 13313094;Belo Horizonte
 680;310680;Bias Fortes;   3430;2017;  4146984;Juíz de Fora
 690;310690;Bicas;  14431;2017;  4680636;Juíz de Fora
 700;310700;Biquinhas;   2532;2017; 10328028;Divinópolis
 710;310710;Boa Esperança;  40031;2017;134724535;Varginha
 720;310720;Bocaina de Minas;   5091;2017;  7411150;Juíz de Fora
 730;310730;Bocaiúva;  49942;2017; 78696589;Montes Claros
 740;310740;Bom Despacho;  50166;2017; 92285952;Divinópolis
 750;310750;Bom Jardim de Minas;   6489;2017; 37942285;Juíz de Fora
 760;310760;Bom Jesus da Penha;   4190;2017; 38670042;Varginha
 770;310770;Bom Jesus do Amparo;   6031;2017;  7703977;Belo Horizonte
 780;310780;Bom Jesus do Galho;  15010;2017; 22590051;Ipatinga
 790;310790;Bom Repouso;  10558;2017; 19447596;Pouso Alegre
 800;310800;Bom Sucesso;  17598;2017; 33501525;Varginha
 810;310810;Bonfim;   6876;2017; 12041612;Divinópolis
 820;310820;Bonfinópolis de Minas;   5544;2017;110724423;Patos de Minas
 825;310825;Bonito de Minas;  11088;2017;  7203344;Montes Claros
 830;310830;Borda da Mata;  19202;2017; 14518743;Pouso Alegre
 840;310840;Botelhos;  14995;2017; 53676125;Pouso Alegre
 850;310850;Botumirim;   6350;2017;  7355109;Montes Claros
 855;310855;Brasilândia de Minas;  16321;2017; 39397287;Patos de Minas
 860;310860;Brasília de Minas;  32288;2017; 12369944;Montes Claros
 870;310870;Brás Pires;   4374;2017;  2789955;Juíz de Fora
 880;310880;Braúnas;   4835;2017;  8409853;Ipatinga
 890;310890;Brazópolis;  14508;2017; 13784040;Pouso Alegre
 900;310900;Brumadinho;  39520;2017; 17877955;Belo Horizonte
 910;310910;Bueno Brandão;  11010;2017; 21260044;Pouso Alegre
 920;310920;Buenópolis;  10377;2017; 14674802;Belo Horizonte
 925;310925;Bugre;   4074;2017; 17687176;Ipatinga
 930;310930;Buritis;  24663;2017;260569625;Patos de Minas
 940;310940;Buritizeiro;  27988;2017;153192232;Montes Claros
 945;310945;Cabeceira Grande;   6909;2017; 69050296;Patos de Minas
 950;310950;Cabo Verde;  14075;2017; 61450301;Varginha
 960;310960;Cachoeira da Prata;   3616;2017;  1341629;Belo Horizonte
 970;310970;Cachoeira de Minas;  11514;2017; 24376758;Pouso Alegre
 980;310980;Cachoeira Dourada;   2677;2017; 25637007;Uberlândia
 990;310990;Caetanópolis;  11495;2017; 27290291;Belo Horizonte
1000;311000;Caeté;  44377;2017; 18662274;Belo Horizonte
1010;311010;Caiana;   5450;2017; 16970520;Juíz de Fora
1020;311020;Cajuri;   4002;2017; 10343041;Juíz de Fora
1030;311030;Caldas;  14417;2017; 37425303;Pouso Alegre
1040;311040;Camacho;   2934;2017; 11889752;Divinópolis
1050;311050;Camanducaia;  21738;2017; 19195402;Pouso Alegre
1060;311060;Cambuí;  29278;2017; 19179155;Pouso Alegre
1070;311070;Cambuquira;  12816;2017; 75740385;Varginha
1080;311080;Campanário;   3711;2017;  4282582;Teófilo Otoni
1090;311090;Campanha;  16565;2017; 47405983;Varginha
1100;311100;Campestre;  21056;2017; 89609005;Pouso Alegre
1110;311110;Campina Verde;  19738;2017;120876515;Uberlândia
1115;311115;Campo Azul;   3810;2017;  2912245;Montes Claros
1120;311120;Campo Belo;  53866;2017; 50827351;Varginha
1130;311130;Campo do Meio;  11658;2017; 50903032;Varginha
1140;311140;Campo Florido;   8029;2017;192303456;Uberaba
1150;311150;Campos Altos;  15356;2017;117923005;Uberaba
1160;311160;Campos Gerais;  28703;2017;123090949;Varginha
1170;311170;Canaã;   4579;2017; 26714846;Juíz de Fora
1180;311180;Canápolis;  12025;2017; 81085513;Uberlândia
1190;311190;Cana Verde;   5612;2017;  7692538;Varginha
1200;311200;Candeias;  14883;2017; 62164524;Varginha
1205;311205;Cantagalo;   4498;2017;  5611253;Governador Valadares
1210;311210;Caparaó;   5424;2017; 22001003;Juíz de Fora
1220;311220;Capela Nova;   4673;2017;  5700670;Barbacena
1230;311230;Capelinha;  37856;2017;109915275;Teófilo Otoni
1240;311240;Capetinga;   6952;2017; 42803646;Varginha
1250;311250;Capim Branco;   9679;2017;  2407622;Belo Horizonte
1260;311260;Capinópolis;  16109;2017;101262709;Uberlândia
1265;311265;Capitão Andrade;   5420;2017;  4424407;Governador Valadares
1270;311270;Capitão Enéas;  15153;2017; 15196520;Montes Claros
1280;311280;Capitólio;   8601;2017; 25517763;Varginha
1290;311290;Caputira;   9287;2017; 12793679;Juíz de Fora
1300;311300;Caraí;  23586;2017; 14795731;Teófilo Otoni
1310;311310;Caranaíba;   3200;2017;  3669747;Barbacena
1320;311320;Carandaí;  25327;2017; 69000751;Barbacena
1330;311330;Carangola;  32988;2017; 22292197;Juíz de Fora
1340;311340;Caratinga;  91503;2017; 73939400;Ipatinga
1350;311350;Carbonita;   9396;2017; 36236297;Teófilo Otoni
1360;311360;Careaçu;   6721;2017; 13404103;Pouso Alegre
1370;311370;Carlos Chagas;  19007;2017; 44059806;Teófilo Otoni
1380;311380;Carmésia;   2617;2017;  2305547;Belo Horizonte
1390;311390;Carmo da Cachoeira;  12158;2017; 70329208;Varginha
1400;311400;Carmo da Mata;  11439;2017; 13583825;Divinópolis
1410;311410;Carmo de Minas;  14769;2017; 37852675;Pouso Alegre
1420;311420;Carmo do Cajuru;  22257;2017; 35386477;Divinópolis
1430;311430;Carmo do Paranaíba;  30324;2017;133014742;Patos de Minas
1440;311440;Carmo do Rio Claro;  21180;2017;119458067;Varginha
1450;311450;Carmópolis de Minas;  19144;2017; 28351629;Divinópolis
1455;311455;Carneirinho;   9986;2017; 92856393;Uberaba
1460;311460;Carrancas;   4044;2017; 30205306;Varginha
1470;311470;Carvalhópolis;   3560;2017; 14097651;Varginha
1480;311480;Carvalhos;   4495;2017; 11969519;Pouso Alegre
1490;311490;Casa Grande;   2260;2017; 34522023;Barbacena
1500;311500;Cascalho Rico;   3057;2017; 12615086;Uberlândia
1510;311510;Cássia;  17739;2017; 54505953;Varginha
1520;311520;Conceição da Barra de Minas;   3962;2017; 10028323;Barbacena
1530;311530;Cataguases;  74691;2017; 13389080;Juíz de Fora
1535;311535;Catas Altas;   5330;2017;  7197064;Belo Horizonte
1540;311540;Catas Altas da Noruega;   3629;2017;  7715012;Barbacena
1545;311545;Catuji;   6366;2017;  2978315;Teófilo Otoni
1547;311547;Catuti;   5008;2017;  3572839;Montes Claros
1550;311550;Caxambu;  21703;2017;  1826716;Pouso Alegre
1560;311560;Cedro do Abaeté;   1171;2017;  2444899;Divinópolis
1570;311570;Central de Minas;   7017;2017;  3751869;Governador Valadares
1580;311580;Centralina;  10425;2017; 81705200;Uberlândia
1590;311590;Chácara;   3121;2017;  3661393;Juíz de Fora
1600;311600;Chalé;   5709;2017; 13157005;Juíz de Fora
1610;311610;Chapada do Norte;  15368;2017;  7454067;Teófilo Otoni
1615;311615;Chapada Gaúcha;  13397;2017; 50506421;Montes Claros
1620;311620;Chiador;   2702;2017;  2576939;Juíz de Fora
1630;311630;Cipotânea;   6774;2017;  3302772;Barbacena
1640;311640;Claraval;   4810;2017; 15575147;Varginha
1650;311650;Claro dos Poções;   7590;2017;  8989067;Montes Claros
1660;311660;Cláudio;  28366;2017; 29137391;Divinópolis
1670;311670;Coimbra;   7517;2017; 17950774;Juíz de Fora
1680;311680;Coluna;   8907;2017; 10945175;Governador Valadares
1690;311690;Comendador Gomes;   3103;2017; 55279961;Uberaba
1700;311700;Comercinho;   7090;2017;  3756056;Teófilo Otoni
1710;311710;Conceição da Aparecida;  10261;2017; 64343647;Varginha
1720;311720;Conceição das Pedras;   2811;2017;  7325724;Pouso Alegre
1730;311730;Conceição das Alagoas;  27425;2017;232978254;Uberaba
1740;311740;Conceição de Ipanema;   4570;2017; 10001003;Juíz de Fora
1750;311750;Conceição do Mato Dentro;  17641;2017; 12020020;Belo Horizonte
1760;311760;Conceição do Pará;   5480;2017; 14739687;Divinópolis
1770;311770;Conceição do Rio Verde;  13590;2017; 42891371;Pouso Alegre
1780;311780;Conceição dos Ouros;  11525;2017;  7740471;Pouso Alegre
1783;311783;Cônego Marinho;   7595;2017;  4383651;Montes Claros
1787;311787;Confins;   6657;2017;   206129;Belo Horizonte
1790;311790;Congonhal;  11813;2017;  9325019;Pouso Alegre
1800;311800;Congonhas;  54196;2017;  2171205;Barbacena
1810;311810;Congonhas do Norte;   5044;2017;  2560651;Belo Horizonte
1820;311820;Conquista;   6908;2017;107917833;Uberaba
1830;311830;Conselheiro Lafaiete; 127539;2017; 10846791;Barbacena
1840;311840;Conselheiro Pena;  22892;2017; 47017776;Governador Valadares
1850;311850;Consolação;   1782;2017;  5919970;Pouso Alegre
1860;311860;Contagem; 659070;2017;  2037708;Belo Horizonte
1870;311870;Coqueiral;   9191;2017; 40948717;Varginha
1880;311880;Coração de Jesus;  26592;2017; 21454343;Montes Claros
1890;311890;Cordisburgo;   8883;2017; 18470179;Belo Horizonte
1900;311900;Cordislândia;   3534;2017; 18200705;Varginha
1910;311910;Corinto;  23797;2017; 32258248;Belo Horizonte
1920;311920;Coroaci;  10040;2017; 14608447;Governador Valadares
1930;311930;Coromandel;  27982;2017;322376751;Patos de Minas
1940;311940;Coronel Fabriciano; 109405;2017;  7074797;Ipatinga
1950;311950;Coronel Murta;   9228;2017;  4892729;Teófilo Otoni
1960;311960;Coronel Pacheco;   3080;2017;  8686222;Juíz de Fora
1970;311970;Coronel Xavier Chaves;   3426;2017; 12705125;Barbacena
1980;311980;Córrego Danta;   3241;2017; 26665257;Divinópolis
1990;311990;Córrego do Bom Jesus;   3714;2017;  2439112;Pouso Alegre
1995;311995;Córrego Fundo;   6290;2017;  8937453;Divinópolis
2000;312000;Córrego Novo;   2814;2017;  5765569;Ipatinga
2010;312010;Couto de Magalhães de Minas;   4396;2017;  2002196;Teófilo Otoni
2015;312015;Crisólita;   6646;2017; 12593439;Teófilo Otoni
2020;312020;Cristais;  12660;2017; 65113353;Varginha
2030;312030;Cristália;   5960;2017;  2207993;Montes Claros
2040;312040;Cristiano Otoni;   5145;2017; 12648450;Barbacena
2050;312050;Cristina;  10258;2017; 34903476;Pouso Alegre
2060;312060;Crucilândia;   5014;2017;  7476129;Divinópolis
2070;312070;Cruzeiro da Fortaleza;   4134;2017; 35939073;Patos de Minas
2080;312080;Cruzília;  15358;2017; 21013190;Pouso Alegre
2083;312083;Cuparaque;   4960;2017;  5531749;Governador Valadares
2087;312087;Curral de Dentro;   7656;2017;  5318176;Montes Claros
2090;312090;Curvelo;  79625;2017; 93472740;Belo Horizonte
2100;312100;Datas;   5399;2017;  5491704;Teófilo Otoni
2110;312110;Delfim Moreira;   8035;2017; 23598906;Pouso Alegre
2120;312120;Delfinópolis;   7098;2017; 60348407;Varginha
2125;312125;Delta;  10291;2017; 22232113;Uberaba
2130;312130;Descoberto;   4996;2017;  4602170;Juíz de Fora
2140;312140;Desterro de Entre Rios;   7232;2017; 11327189;Barbacena
2150;312150;Desterro do Melo;   2919;2017;  6433687;Barbacena
2160;312160;Diamantina;  47617;2017;  9719016;Teófilo Otoni
2170;312170;Diogo de Vasconcelos;   3814;2017;  2615767;Juíz de Fora
2180;312180;Dionísio;   7852;2017; 17048522;Ipatinga
2190;312190;Divinésia;   3411;2017;  4158255;Juíz de Fora
2200;312200;Divino;  19884;2017; 34511400;Juíz de Fora
2210;312210;Divino das Laranjeiras;   4984;2017;  4596933;Governador Valadares
2220;312220;Divinolândia de Minas;   7527;2017;  7091397;Governador Valadares
2230;312230;Divinópolis; 235977;2017; 61559347;Divinópolis
2235;312235;Divisa Alegre;   6702;2017;  1683623;Teófilo Otoni
2240;312240;Divisa Nova;   5996;2017; 26723985;Varginha
2245;312245;Divisópolis;  10820;2017;  6654174;Teófilo Otoni
2247;312247;Dom Bosco;   3699;2017; 13789616;Patos de Minas
2250;312250;Dom Cavati;   5097;2017;  1111103;Ipatinga
2260;312260;Dom Joaquim;   4482;2017;  4216108;Governador Valadares
2270;312270;Dom Silvério;   5243;2017;  5548335;Juíz de Fora
2280;312280;Dom Viçoso;   3007;2017;  5026514;Pouso Alegre
2290;312290;Dona Eusébia;   6523;2017; 20882895;Juíz de Fora
2300;312300;Dores de Campos;  10081;2017;  2750380;Barbacena
2310;312310;Dores de Guanhães;   5185;2017;  5143710;Governador Valadares
2320;312320;Dores do Indaiá;  13541;2017; 20723907;Divinópolis
2330;312330;Dores do Turvo;   4289;2017;  8565186;Juíz de Fora
2340;312340;Doresópolis;   1521;2017;  6206636;Varginha
2350;312350;Douradoquara;   1905;2017; 12958514;Uberlândia
2352;312352;Durandé;   7811;2017; 20396460;Juíz de Fora
2360;312360;Elói Mendes;  27823;2017; 58632355;Varginha
2370;312370;Engenheiro Caldas;  11064;2017;  6838967;Governador Valadares
2380;312380;Engenheiro Navarro;   7244;2017;  8942258;Montes Claros
2385;312385;Entre Folhas;   5362;2017;  3025749;Ipatinga
2390;312390;Entre Rios de Minas;  15214;2017; 14440655;Barbacena
2400;312400;Ervália;  18829;2017; 67999233;Juíz de Fora
2410;312410;Esmeraldas;  70200;2017; 27997911;Belo Horizonte
2420;312420;Espera Feliz;  24773;2017; 42762779;Juíz de Fora
2430;312430;Espinosa;  31624;2017;  9691810;Montes Claros
2440;312440;Espírito Santo do Dourado;   4673;2017; 13083685;Pouso Alegre
2450;312450;Estiva;  11321;2017; 45185243;Pouso Alegre
2460;312460;Estrela Dalva;   2361;2017;  4244835;Juíz de Fora
2470;312470;Estrela do Indaiá;   3508;2017; 47519270;Divinópolis
2480;312480;Estrela do Sul;   7936;2017;280503942;Uberlândia
2490;312490;Eugenópolis;  11218;2017; 22014596;Juíz de Fora
2500;312500;Ewbank da Câmara;   3904;2017;  1883999;Juíz de Fora
2510;312510;Extrema;  35474;2017;  5151441;Pouso Alegre
2520;312520;Fama;   2379;2017;  8759894;Varginha
2530;312530;Faria Lemos;   3262;2017; 13916749;Juíz de Fora
2540;312540;Felício dos Santos;   4804;2017;  3199324;Teófilo Otoni
2550;312550;São Gonçalo do Rio Preto;   3161;2017;  2154063;Teófilo Otoni
2560;312560;Felisburgo;   7409;2017;  5500293;Teófilo Otoni
2570;312570;Felixlândia;  15235;2017; 47230808;Belo Horizonte
2580;312580;Fernandes Tourinho;   3394;2017;  3296805;Governador Valadares
2590;312590;Ferros;   9949;2017; 17441661;Belo Horizonte
2595;312595;Fervedouro;  10957;2017; 22508958;Juíz de Fora
2600;312600;Florestal;   7386;2017;  8806701;Belo Horizonte
2610;312610;Formiga;  67540;2017;104931202;Divinópolis
2620;312620;Formoso;   9431;2017; 56227865;Patos de Minas
2630;312630;Fortaleza de Minas;   4387;2017; 11521746;Varginha
2640;312640;Fortuna de Minas;   2927;2017;  5945818;Belo Horizonte
2650;312650;Francisco Badaró;  10343;2017;  4716502;Teófilo Otoni
2660;312660;Francisco Dumont;   5187;2017; 17453213;Montes Claros
2670;312670;Francisco Sá;  26181;2017; 21162757;Montes Claros
2675;312675;Franciscópolis;   5446;2017;  9327881;Teófilo Otoni
2680;312680;Frei Gaspar;   5891;2017; 10976945;Teófilo Otoni
2690;312690;Frei Inocêncio;   9555;2017;  7373965;Governador Valadares
2695;312695;Frei Lagonegro;   3469;2017;  7618811;Governador Valadares
2700;312700;Fronteira;  17701;2017;  7041061;Uberaba
2705;312705;Fronteira dos Vales;   4601;2017;  4152781;Teófilo Otoni
2707;312707;Fruta de Leite;   5441;2017;  3617662;Montes Claros
2710;312710;Frutal;  58962;2017;278222705;Uberaba
2720;312720;Funilândia;   4304;2017;  7625537;Belo Horizonte
2730;312730;Galiléia;   6844;2017;  7844977;Governador Valadares
2733;312733;Gameleiras;   5122;2017;  4632545;Montes Claros
2735;312735;Glaucilândia;   3136;2017;  2432082;Montes Claros
2737;312737;Goiabeira;   3328;2017;  3337252;Governador Valadares
2738;312738;Goianá;   3940;2017;  2105674;Juíz de Fora
2740;312740;Gonçalves;   4345;2017;  7423900;Pouso Alegre
2750;312750;Gonzaga;   6145;2017;  3304711;Governador Valadares
2760;312760;Gouveia;  11833;2017;  6701170;Teófilo Otoni
2770;312770;Governador Valadares; 278685;2017; 33178375;Governador Valadares
2780;312780;Grão Mogol;  15779;2017; 82836307;Montes Claros
2790;312790;Grupiara;   1389;2017;  5048572;Uberlândia
2800;312800;Guanhães;  34057;2017; 36278567;Governador Valadares
2810;312810;Guapé;  14233;2017; 75126348;Varginha
2820;312820;Guaraciaba;  10333;2017; 11966942;Juíz de Fora
2825;312825;Guaraciama;   4954;2017;  2973740;Montes Claros
2830;312830;Guaranésia;  19025;2017; 22146160;Varginha
2840;312840;Guarani;   8903;2017; 12897547;Juíz de Fora
2850;312850;Guarará;   3818;2017;  2791534;Juíz de Fora
2860;312860;Guarda-Mor;   6591;2017;181815356;Patos de Minas
2870;312870;Guaxupé;  51750;2017; 29053025;Varginha
2880;312880;Guidoval;   7105;2017;  8514767;Juíz de Fora
2890;312890;Guimarânia;   7971;2017; 42829916;Patos de Minas
2900;312900;Guiricema;   8442;2017; 12594258;Juíz de Fora
2910;312910;Gurinhatã;   5704;2017; 64242059;Uberlândia
2920;312920;Heliodora;   6524;2017; 17659984;Pouso Alegre
2930;312930;Iapu;  10867;2017; 10657155;Ipatinga
2940;312940;Ibertioga;   5033;2017; 17682947;Barbacena
2950;312950;Ibiá;  25035;2017;207596689;Uberaba
2960;312960;Ibiaí;   8351;2017;  6083855;Montes Claros
2965;312965;Ibiracatu;   5975;2017;  2081401;Montes Claros
2970;312970;Ibiraci;  13687;2017; 94140418;Varginha
2980;312980;Ibirité; 179015;2017;  1898312;Belo Horizonte
2990;312990;Ibitiúra de Minas;   3483;2017;  7502692;Pouso Alegre
3000;313000;Ibituruna;   2982;2017;  7897518;Varginha
3005;313005;Icaraí de Minas;  11879;2017; 10309849;Montes Claros
3010;313010;Igarapé;  42246;2017; 57560420;Belo Horizonte
3020;313020;Igaratinga;  10709;2017; 31425040;Divinópolis
3030;313030;Iguatama;   7971;2017; 37008979;Divinópolis
3040;313040;Ijaci;   6488;2017;  6277301;Varginha
3050;313050;Ilicínea;  12303;2017; 41863684;Varginha
3055;313055;Imbé de Minas;   6865;2017; 15575600;Ipatinga
3060;313060;Inconfidentes;   7297;2017; 12132762;Pouso Alegre
3065;313065;Indaiabira;   7363;2017;  9854946;Montes Claros
3070;313070;Indianópolis;   6829;2017;119813138;Uberlândia
3080;313080;Ingaí;   2757;2017; 25101689;Varginha
3090;313090;Inhapim;  24204;2017; 29590354;Ipatinga
3100;313100;Inhaúma;   6228;2017; 12346721;Belo Horizonte
3110;313110;Inimutaba;   7467;2017; 12930268;Belo Horizonte
3115;313115;Ipaba;  18438;2017;   956703;Ipatinga
3120;313120;Ipanema;  19717;2017; 14550549;Juíz de Fora
3130;313130;Ipatinga; 261344;2017;   943393;Ipatinga
3140;313140;Ipiaçu;   4217;2017; 41696387;Uberlândia
3150;313150;Ipuiúna;  10039;2017; 12834460;Pouso Alegre
3160;313160;Iraí de Minas;   6944;2017; 33351860;Uberlândia
3170;313170;Itabira; 119186;2017; 15239284;Belo Horizonte
3180;313180;Itabirinha;  11446;2017;  3224474;Governador Valadares
3190;313190;Itabirito;  51281;2017;  4610924;Belo Horizonte
3200;313200;Itacambira;   5353;2017; 23276873;Montes Claros
3210;313210;Itacarambi;  18142;2017; 12985402;Montes Claros
3220;313220;Itaguara;  13278;2017; 17755288;Divinópolis
3230;313230;Itaipé;  12681;2017;  8252701;Teófilo Otoni
3240;313240;Itajubá;  96389;2017;  9406651;Pouso Alegre
3250;313250;Itamarandiba;  34527;2017;105478354;Teófilo Otoni
3260;313260;Itamarati de Minas;   4333;2017; 17127500;Juíz de Fora
3270;313270;Itambacuri;  23212;2017; 24038822;Teófilo Otoni
3280;313280;Itambé do Mato Dentro;   2107;2017;  2874474;Belo Horizonte
3290;313290;Itamogi;  10229;2017; 42028036;Varginha
3300;313300;Itamonte;  15440;2017; 13913182;Pouso Alegre
3310;313310;Itanhandu;  15236;2017;140540804;Pouso Alegre
3320;313320;Itanhomi;  12212;2017;  9005874;Governador Valadares
3330;313330;Itaobim;  21096;2017;  4959944;Teófilo Otoni
3340;313340;Itapagipe;  15102;2017; 99779522;Uberaba
3350;313350;Itapecerica;  21763;2017; 67827002;Divinópolis
3360;313360;Itapeva;   9682;2017;  4970976;Pouso Alegre
3370;313370;Itatiaiuçu;  11037;2017; 21789782;Divinópolis
3375;313375;Itaú de Minas;  16014;2017; 20325419;Varginha
3380;313380;Itaúna;  92561;2017; 24696444;Divinópolis
3390;313390;Itaverava;   5470;2017;  5219075;Barbacena
3400;313400;Itinga;  14956;2017;  7379912;Teófilo Otoni
3410;313410;Itueta;   6039;2017; 21941547;Governador Valadares
3420;313420;Ituiutaba; 104067;2017;192198680;Uberlândia
3430;313430;Itumirim;   6048;2017; 11537625;Varginha
3440;313440;Iturama;  38822;2017;125934866;Uberaba
3450;313450;Itutinga;   3809;2017; 19802620;Varginha
3460;313460;Jaboticatubas;  19858;2017; 11059240;Belo Horizonte
3470;313470;Jacinto;  12329;2017;  9204498;Teófilo Otoni
3480;313480;Jacuí;   7681;2017; 28912505;Varginha
3490;313490;Jacutinga;  25684;2017; 30977995;Pouso Alegre
3500;313500;Jaguaraçu;   3124;2017;  1830300;Ipatinga
3505;313505;Jaíba;  38413;2017;149991155;Montes Claros
3507;313507;Jampruca;   5378;2017; 15135075;Governador Valadares
3510;313510;Janaúba;  71265;2017; 41756449;Montes Claros
3520;313520;Januária;  67628;2017; 27193495;Montes Claros
3530;313530;Japaraíba;   4314;2017; 23535071;Divinópolis
3535;313535;Japonvar;   8556;2017;  3198604;Montes Claros
3540;313540;Jeceaba;   4973;2017; 12631345;Barbacena
3545;313545;Jenipapo de Minas;   7645;2017; 20046651;Teófilo Otoni
3550;313550;Jequeri;  12460;2017; 42535834;Juíz de Fora
3560;313560;Jequitaí;   7597;2017; 14903628;Montes Claros
3570;313570;Jequitibá;   5215;2017; 30562238;Belo Horizonte
3580;313580;Jequitinhonha;  25305;2017; 15520224;Teófilo Otoni
3590;313590;Jesuânia;   4795;2017; 19789723;Pouso Alegre
3600;313600;Joaíma;  15410;2017; 14750547;Teófilo Otoni
3610;313610;Joanésia;   4674;2017;  3038303;Ipatinga
3620;313620;João Monlevade;  79387;2017;  1156683;Ipatinga
3630;313630;João Pinheiro;  48561;2017;374092989;Patos de Minas
3640;313640;Joaquim Felício;   4662;2017;  4004987;Montes Claros
3650;313650;Jordânia;  10780;2017;  9593253;Teófilo Otoni
3652;313652;José Gonçalves de Minas;   4516;2017; 10411033;Teófilo Otoni
3655;313655;José Raydan;   4938;2017;  5061425;Governador Valadares
3657;313657;Josenópolis;   4844;2017;  3796644;Montes Claros
3660;313660;Nova União;   5718;2017; 14588018;Belo Horizonte
3665;313665;Juatuba;  26484;2017;  2188488;Belo Horizonte
3670;313670;Juiz de Fora; 564310;2017; 33325237;Juíz de Fora
3680;313680;Juramento;   4316;2017;  4484136;Montes Claros
3690;313690;Juruaia;  10441;2017; 29824844;Varginha
3695;313695;Juvenília;   5733;2017;  7291463;Montes Claros
3700;313700;Ladainha;  18026;2017; 16679117;Teófilo Otoni
3710;313710;Lagamar;   7627;2017; 43746798;Patos de Minas
3720;313720;Lagoa da Prata;  51601;2017; 47481317;Divinópolis
3730;313730;Lagoa dos Patos;   4124;2017;  7376888;Montes Claros
3740;313740;Lagoa Dourada;  12953;2017; 55675738;Barbacena
3750;313750;Lagoa Formosa;  17991;2017; 87445546;Patos de Minas
3753;313753;Lagoa Grande;   9454;2017; 61934641;Patos de Minas
3760;313760;Lagoa Santa;  63359;2017;  2969848;Belo Horizonte
3770;313770;Lajinha;  19928;2017; 47938611;Juíz de Fora
3780;313780;Lambari;  20719;2017; 25072751;Pouso Alegre
3790;313790;Lamim;   3404;2017;  6855941;Barbacena
3800;313800;Laranjal;   6786;2017; 11012668;Juíz de Fora
3810;313810;Lassance;   6522;2017; 42199263;Montes Claros
3820;313820;Lavras; 102728;2017; 74010352;Varginha
3830;313830;Leandro Ferreira;   3233;2017;  6861878;Divinópolis
3835;313835;Leme do Prado;   4915;2017;  6580262;Teófilo Otoni
3840;313840;Leopoldina;  52532;2017; 46143868;Juíz de Fora
3850;313850;Liberdade;   5109;2017; 18277015;Juíz de Fora
3860;313860;Lima Duarte;  16671;2017; 28189164;Juíz de Fora
3862;313862;Limeira do Oeste;   7481;2017;122888558;Uberaba
3865;313865;Lontra;   9008;2017;  2443077;Montes Claros
3867;313867;Luisburgo;   6275;2017; 32940844;Juíz de Fora
3868;313868;Luislândia;   6680;2017;  4750868;Montes Claros
3870;313870;Luminárias;   5454;2017; 39457406;Varginha
3880;313880;Luz;  18172;2017; 99290128;Divinópolis
3890;313890;Machacalis;   7110;2017;  8779375;Teófilo Otoni
3900;313900;Machado;  41844;2017;134539855;Varginha
3910;313910;Madre de Deus de Minas;   5087;2017; 71935323;Barbacena
3920;313920;Malacacheta;  18700;2017; 16013924;Teófilo Otoni
3925;313925;Mamonas;   6532;2017;  2424028;Montes Claros
3930;313930;Manga;  18594;2017; 17606561;Montes Claros
3940;313940;Manhuaçu;  89256;2017;107883552;Juíz de Fora
3950;313950;Manhumirim;  22608;2017; 30043887;Juíz de Fora
3960;313960;Mantena;  27640;2017; 14601884;Governador Valadares
3970;313970;Maravilhas;   7904;2017; 11658493;Divinópolis
3980;313980;Mar de Espanha;  12725;2017;  9135801;Juíz de Fora
3990;313990;Maria da Fé;  14136;2017; 10440194;Pouso Alegre
4000;314000;Mariana;  60142;2017;  9134766;Belo Horizonte
4010;314010;Marilac;   4134;2017;  5840145;Governador Valadares
4015;314015;Mário Campos;  15207;2017;  9829208;Belo Horizonte
4020;314020;Maripá de Minas;   2959;2017;  5712719;Juíz de Fora
4030;314030;Marliéria;   4044;2017;  2833465;Ipatinga
4040;314040;Marmelópolis;   2784;2017;  4888317;Pouso Alegre
4050;314050;Martinho Campos;  13330;2017; 67226764;Divinópolis
4053;314053;Martins Soares;   8299;2017; 22635607;Juíz de Fora
4055;314055;Mata Verde;   8526;2017;  2892365;Teófilo Otoni
4060;314060;Materlândia;   4482;2017;  9195851;Governador Valadares
4070;314070;Mateus Leme;  30798;2017; 16399645;Belo Horizonte
4080;314080;Matias Barbosa;  14385;2017;  1975342;Juíz de Fora
4085;314085;Matias Cardoso;  11050;2017; 47135147;Montes Claros
4090;314090;Matipó;  18808;2017; 18002264;Juíz de Fora
4100;314100;Mato Verde;  12508;2017;  4810905;Montes Claros
4110;314110;Matozinhos;  37473;2017;  8418056;Belo Horizonte
4120;314120;Matutina;   3758;2017; 14858464;Patos de Minas
4130;314130;Medeiros;   3771;2017; 72689563;Divinópolis
4140;314140;Medina;  20882;2017;  8987607;Teófilo Otoni
4150;314150;Mendes Pimentel;   6446;2017;  5599806;Governador Valadares
4160;314160;Mercês;  10720;2017; 11002573;Juíz de Fora
4170;314170;Mesquita;   5666;2017;  4696491;Ipatinga
4180;314180;Minas Novas;  31471;2017; 35284131;Teófilo Otoni
4190;314190;Minduri;   3896;2017; 13834389;Pouso Alegre
4200;314200;Mirabela;  13557;2017; 10780488;Montes Claros
4210;314210;Miradouro;  10721;2017; 14952178;Juíz de Fora
4220;314220;Miraí;  14913;2017;  7402957;Juíz de Fora
4225;314225;Miravânia;   4861;2017;  2085098;Montes Claros
4230;314230;Moeda;   4904;2017;  2288449;Belo Horizonte
4240;314240;Moema;   7479;2017; 11319768;Divinópolis
4250;314250;Monjolos;   2240;2017;  3655936;Belo Horizonte
4260;314260;Monsenhor Paulo;   8648;2017; 19367953;Varginha
4270;314270;Montalvânia;  15012;2017;  8500306;Montes Claros
4280;314280;Monte Alegre de Minas;  20999;2017;215683979;Uberlândia
4290;314290;Monte Azul;  21017;2017;  9184760;Montes Claros
4300;314300;Monte Belo;  13180;2017; 57724331;Varginha
4310;314310;Monte Carmelo;  47682;2017;136627136;Uberlândia
4315;314315;Monte Formoso;   4889;2017;  2433471;Teófilo Otoni
4320;314320;Monte Santo de Minas;  21534;2017; 56463553;Varginha
4330;314330;Montes Claros; 404804;2017;112319697;Montes Claros
4340;314340;Monte Sião;  23569;2017; 22949582;Pouso Alegre
4345;314345;Montezuma;   8180;2017; 11021814;Montes Claros
4350;314350;Morada Nova de Minas;   8815;2017;142074560;Divinópolis
4360;314360;Morro da Garça;   2488;2017; 11149932;Belo Horizonte
4370;314370;Morro do Pilar;   3211;2017;  3316428;Belo Horizonte
4380;314380;Munhoz;   6065;2017; 10714654;Pouso Alegre
4390;314390;Muriaé; 108113;2017; 30642583;Juíz de Fora
4400;314400;Mutum;  26997;2017; 67448094;Juíz de Fora
4410;314410;Muzambinho;  20594;2017; 46274658;Varginha
4420;314420;Nacip Raydan;   3219;2017;  2471160;Governador Valadares
4430;314430;Nanuque;  40839;2017; 28740851;Teófilo Otoni
4435;314435;Naque;   6939;2017;  2637718;Ipatinga
4437;314437;Natalândia;   3314;2017;  7089928;Patos de Minas
4440;314440;Natércia;   4731;2017; 11892223;Pouso Alegre
4450;314450;Nazareno;   8555;2017; 25638031;Barbacena
4460;314460;Nepomuceno;  26709;2017;106338601;Varginha
4465;314465;Ninheira;  10263;2017; 12842869;Montes Claros
4467;314467;Nova Belém;   3255;2017;  8577218;Governador Valadares
4470;314470;Nova Era;  17607;2017; 13320516;Ipatinga
4480;314480;Nova Lima;  93577;2017;   866701;Belo Horizonte
4490;314490;Nova Módica;   3627;2017;  6842823;Teófilo Otoni
4500;314500;Nova Ponte;  15280;2017;197771063;Uberaba
4505;314505;Nova Porteirinha;   7504;2017; 21717680;Montes Claros
4510;314510;Nova Resende;  16610;2017; 87025128;Varginha
4520;314520;Nova Serrana;  99770;2017; 10690781;Divinópolis
4530;314530;Novo Cruzeiro;  31326;2017; 22234834;Teófilo Otoni
4535;314535;Novo Oriente de Minas;  10731;2017;  5684880;Teófilo Otoni
4537;314537;Novorizonte;   5273;2017;  2141917;Montes Claros
4540;314540;Olaria;   1775;2017;  3234285;Juíz de Fora
4545;314545;Olhos-d'Água;   6018;2017; 70428275;Montes Claros
4550;314550;Olímpio Noronha;   2765;2017;  4085451;Pouso Alegre
4560;314560;Oliveira;  41529;2017; 52492165;Divinópolis
4570;314570;Oliveira Fortes;   2136;2017;  9128783;Juíz de Fora
4580;314580;Onça de Pitangui;   3144;2017; 14720821;Divinópolis
4585;314585;Oratórios;   4647;2017;  7172296;Juíz de Fora
4587;314587;Orizânia;   7954;2017; 20768538;Juíz de Fora
4590;314590;Ouro Branco;  39121;2017;  5051056;Barbacena
4600;314600;Ouro Fino;  33481;2017; 49893050;Pouso Alegre
4610;314610;Ouro Preto;  73994;2017; 19403569;Belo Horizonte
4620;314620;Ouro Verde de Minas;   5954;2017;  4490869;Teófilo Otoni
4625;314625;Padre Carvalho;   6332;2017;   706763;Montes Claros
4630;314630;Padre Paraíso;  20052;2017;  4864603;Teófilo Otoni
4640;314640;Paineiras;   4510;2017; 13796193;Divinópolis
4650;314650;Pains;   8270;2017; 15004360;Divinópolis
4655;314655;Pai Pedro;   6084;2017;  4950675;Montes Claros
4660;314660;Paiva;   1535;2017;  3290281;Juíz de Fora
4670;314670;Palma;   6621;2017; 11193125;Juíz de Fora
4675;314675;Palmópolis;   5671;2017;  5295153;Teófilo Otoni
4690;314690;Papagaios;  15543;2017; 16272347;Divinópolis
4700;314700;Paracatu;  92430;2017;600047531;Patos de Minas
4710;314710;Pará de Minas;  93101;2017; 88500591;Divinópolis
4720;314720;Paraguaçu;  21418;2017; 56689801;Varginha
4730;314730;Paraisópolis;  20940;2017; 11124164;Pouso Alegre
4740;314740;Paraopeba;  24375;2017; 29343467;Belo Horizonte
4750;314750;Passabém;   1664;2017;  1751820;Belo Horizonte
4760;314760;Passa Quatro;  16294;2017; 69093842;Pouso Alegre
4770;314770;Passa Tempo;   8112;2017; 14216808;Divinópolis
4780;314780;Passa-Vinte;   2048;2017;  9509552;Juíz de Fora
4790;314790;Passos; 113998;2017;159763172;Varginha
4795;314795;Patis;   5942;2017;  3828707;Montes Claros
4800;314800;Patos de Minas; 150833;2017;283558765;Patos de Minas
4810;314810;Patrocínio;  90041;2017;377361817;Patos de Minas
4820;314820;Patrocínio do Muriaé;   5652;2017;  3218593;Juíz de Fora
4830;314830;Paula Cândido;   9557;2017; 18474557;Juíz de Fora
4840;314840;Paulistas;   4849;2017;  6162808;Governador Valadares
4850;314850;Pavão;   8481;2017; 11869777;Teófilo Otoni
4860;314860;Peçanha;  17545;2017; 43373006;Governador Valadares
4870;314870;Pedra Azul;  24319;2017;  8102828;Teófilo Otoni
4875;314875;Pedra Bonita;   7065;2017; 13847463;Juíz de Fora
4880;314880;Pedra do Anta;   3100;2017; 19076524;Juíz de Fora
4890;314890;Pedra do Indaiá;   3969;2017; 15696171;Divinópolis
4900;314900;Pedra Dourada;   2475;2017;  7584738;Juíz de Fora
4910;314910;Pedralva;  11246;2017; 21289270;Pouso Alegre
4915;314915;Pedras de Maria da Cruz;  11453;2017; 10993717;Montes Claros
4920;314920;Pedrinópolis;   3626;2017; 31734532;Uberaba
4930;314930;Pedro Leopoldo;  63789;2017; 12866540;Belo Horizonte
4940;314940;Pedro Teixeira;   1808;2017;  2340553;Juíz de Fora
4950;314950;Pequeri;   3310;2017;  2975548;Juíz de Fora
4960;314960;Pequi;   4379;2017; 15809278;Divinópolis
4970;314970;Perdigão;  11249;2017; 11998935;Divinópolis
4980;314980;Perdizes;  16009;2017;297703462;Uberaba
4990;314990;Perdões;  21291;2017; 28434809;Varginha
4995;314995;Periquito;   6847;2017;  2582522;Ipatinga
5000;315000;Pescador;   4246;2017;  3972005;Teófilo Otoni
5010;315010;Piau;   2763;2017;  6669599;Juíz de Fora
5015;315015;Piedade de Caratinga;   8426;2017; 19127189;Ipatinga
5020;315020;Piedade de Ponte Nova;   4140;2017; 10711569;Juíz de Fora
5030;315030;Piedade do Rio Grande;   4528;2017; 22023506;Barbacena
5040;315040;Piedade dos Gerais;   4955;2017; 12056048;Divinópolis
5050;315050;Pimenta;   8631;2017; 36550083;Divinópolis
5053;315053;Pingo-d'Água;   4894;2017;   711305;Ipatinga
5057;315057;Pintópolis;   7490;2017;  6202400;Montes Claros
5060;315060;Piracema;   6421;2017; 11503732;Divinópolis
5070;315070;Pirajuba;   6044;2017; 75693553;Uberaba
5080;315080;Piranga;  17618;2017; 25119862;Barbacena
5090;315090;Piranguçu;   5455;2017;  4208740;Pouso Alegre
5100;315100;Piranguinho;   8550;2017;  7133726;Pouso Alegre
5110;315110;Pirapetinga;  10731;2017;  5348706;Juíz de Fora
5120;315120;Pirapora;  56208;2017; 30134291;Montes Claros
5130;315130;Piraúba;  10816;2017; 12321825;Juíz de Fora
5140;315140;Pitangui;  27755;2017; 49452303;Divinópolis
5150;315150;Piumhi;  34456;2017; 93535419;Varginha
5160;315160;Planura;  11968;2017; 69621657;Uberaba
5170;315170;Poço Fundo;  16734;2017; 48602119;Varginha
5180;315180;Poços de Caldas; 166111;2017; 39465731;Pouso Alegre
5190;315190;Pocrane;   8508;2017; 24712598;Juíz de Fora
5200;315200;Pompéu;  31583;2017;127908349;Divinópolis
5210;315210;Ponte Nova;  59605;2017; 44788597;Juíz de Fora
5213;315213;Ponto Chique;   4237;2017;  4175409;Montes Claros
5217;315217;Ponto dos Volantes;  12061;2017;  6251590;Teófilo Otoni
5220;315220;Porteirinha;  37950;2017; 33352497;Montes Claros
5230;315230;Porto Firme;  11208;2017; 10917970;Juíz de Fora
5240;315240;Poté;  16491;2017; 11816950;Teófilo Otoni
5250;315250;Pouso Alegre; 148862;2017; 67137095;Pouso Alegre
5260;315260;Pouso Alto;   5981;2017; 61871128;Pouso Alegre
5270;315270;Prados;   8979;2017; 16766898;Barbacena
5280;315280;Prata;  27688;2017;230827224;Uberlândia
5290;315290;Pratápolis;   8642;2017; 24243025;Varginha
5300;315300;Pratinha;   3573;2017; 39460684;Uberaba
5310;315310;Presidente Bernardes;   5398;2017;  7351079;Juíz de Fora
5320;315320;Presidente Juscelino;   3676;2017;  6905563;Belo Horizonte
5330;315330;Presidente Kubitschek;   3004;2017;  1887377;Teófilo Otoni
5340;315340;Presidente Olegário;  19377;2017;188158485;Patos de Minas
5350;315350;Alto Jequitibá;   8333;2017; 24360245;Juíz de Fora
5360;315360;Prudente de Morais;  10629;2017;  1619554;Belo Horizonte
5370;315370;Quartel Geral;   3542;2017; 14698858;Divinópolis
5380;315380;Queluzito;   1934;2017;  5714735;Barbacena
5390;315390;Raposos;  16277;2017;   301761;Belo Horizonte
5400;315400;Raul Soares;  23814;2017; 38718883;Ipatinga
5410;315410;Recreio;  10514;2017;  5533255;Juíz de Fora
5415;315415;Reduto;   7105;2017; 15235840;Juíz de Fora
5420;315420;Resende Costa;  11459;2017; 28217120;Barbacena
5430;315430;Resplendor;  17398;2017; 18366562;Governador Valadares
5440;315440;Ressaquinha;   4798;2017; 21175771;Barbacena
5445;315445;Riachinho;   8138;2017; 23338589;Patos de Minas
5450;315450;Riacho dos Machados;   9487;2017; 19132961;Montes Claros
5460;315460;Ribeirão das Neves; 331045;2017;  3109744;Belo Horizonte
5470;315470;Ribeirão Vermelho;   4019;2017;  2665115;Varginha
5480;315480;Rio Acima;  10203;2017;   607037;Belo Horizonte
5490;315490;Rio Casca;  13659;2017; 18285615;Juíz de Fora
5500;315500;Rio Doce;   2599;2017;  2626187;Juíz de Fora
5510;315510;Rio do Prado;   5167;2017;  3294201;Teófilo Otoni
5520;315520;Rio Espera;   5549;2017;  7591903;Barbacena
5530;315530;Rio Manso;   5783;2017; 10887253;Divinópolis
5540;315540;Rio Novo;   8941;2017;  6255816;Juíz de Fora
5550;315550;Rio Paranaíba;  12291;2017;224039507;Patos de Minas
5560;315560;Rio Pardo de Minas;  30779;2017; 54349062;Montes Claros
5570;315570;Rio Piracicaba;  14346;2017; 18550216;Ipatinga
5580;315580;Rio Pomba;  17858;2017; 12755761;Juíz de Fora
5590;315590;Rio Preto;   5467;2017;  4389104;Juíz de Fora
5600;315600;Rio Vermelho;  12957;2017; 15897902;Governador Valadares
5610;315610;Ritápolis;   4648;2017; 15056502;Barbacena
5620;315620;Rochedo de Minas;   2289;2017;  2043520;Juíz de Fora
5630;315630;Rodeiro;   7991;2017; 37636964;Juíz de Fora
5640;315640;Romaria;   3547;2017; 69976424;Uberlândia
5645;315645;Rosário da Limeira;   4566;2017;  4167188;Juíz de Fora
5650;315650;Rubelita;   6198;2017;  6950877;Montes Claros
5660;315660;Rubim;  10226;2017;  8565339;Teófilo Otoni
5670;315670;Sabará; 135421;2017;  1611913;Belo Horizonte
5680;315680;Sabinópolis;  15525;2017; 42127332;Governador Valadares
5690;315690;Sacramento;  25989;2017;387909371;Uberaba
5700;315700;Salinas;  41349;2017; 18446333;Montes Claros
5710;315710;Salto da Divisa;   7007;2017;  7937076;Teófilo Otoni
5720;315720;Santa Bárbara;  30807;2017; 14540623;Belo Horizonte
5725;315725;Santa Bárbara do Leste;   8113;2017; 13233278;Ipatinga
5727;315727;Santa Bárbara do Monte Verde;   3117;2017;  9770438;Juíz de Fora
5730;315730;Santa Bárbara do Tugúrio;   4454;2017;  5165820;Barbacena
5733;315733;Santa Cruz de Minas;   8541;2017;    46032;Barbacena
5737;315737;Santa Cruz de Salinas;   4177;2017;  2953375;Montes Claros
5740;315740;Santa Cruz do Escalvado;   4793;2017;  8154810;Juíz de Fora
5750;315750;Santa Efigênia de Minas;   4438;2017;  4401048;Governador Valadares
5760;315760;Santa Fé de Minas;   3866;2017;  7177947;Montes Claros
5765;315765;Santa Helena de Minas;   6345;2017;  4412521;Teófilo Otoni
5770;315770;Santa Juliana;  13743;2017;134526711;Uberaba
5780;315780;Santa Luzia; 218147;2017;  2247736;Belo Horizonte
5790;315790;Santa Margarida;  16111;2017;115107502;Juíz de Fora
5800;315800;Santa Maria de Itabira;  10836;2017; 19571471;Belo Horizonte
5810;315810;Santa Maria do Salto;   5248;2017;  3118305;Teófilo Otoni
5820;315820;Santa Maria do Suaçuí;  14620;2017; 10968286;Governador Valadares
5830;315830;Santana da Vargem;   7128;2017; 39424478;Varginha
5840;315840;Santana de Cataguases;   3853;2017;  4608331;Juíz de Fora
5850;315850;Santana de Pirapama;   7696;2017; 26001989;Belo Horizonte
5860;315860;Santana do Deserto;   3971;2017;  2478492;Juíz de Fora
5870;315870;Santana do Garambéu;   2438;2017;  3923908;Barbacena
5880;315880;Santana do Jacaré;   4807;2017;  6028945;Varginha
5890;315890;Santana do Manhuaçu;   8681;2017; 33791145;Juíz de Fora
5895;315895;Santana do Paraíso;  33934;2017;  7831181;Ipatinga
5900;315900;Santana do Riacho;   4274;2017;  1487030;Belo Horizonte
5910;315910;Santana dos Montes;   3789;2017;  3501792;Barbacena
5920;315920;Santa Rita de Caldas;   8974;2017; 26622094;Pouso Alegre
5930;315930;Santa Rita de Jacutinga;   4905;2017;  7862608;Juíz de Fora
5935;315935;Santa Rita de Minas;   7155;2017;  8428130;Ipatinga
5940;315940;Santa Rita de Ibitipoca;   3449;2017;  8920232;Barbacena
5950;315950;Santa Rita do Itueto;   5522;2017; 65268079;Governador Valadares
5960;315960;Santa Rita do Sapucaí;  42751;2017; 38282863;Pouso Alegre
5970;315970;Santa Rosa da Serra;   3343;2017; 18399408;Uberaba
5980;315980;Santa Vitória;  19608;2017;220117369;Uberlândia
5990;315990;Santo Antônio do Amparo;  18434;2017; 42802614;Varginha
6000;316000;Santo Antônio do Aventureiro;   3602;2017;  9276896;Juíz de Fora
6010;316010;Santo Antônio do Grama;   3937;2017; 10166933;Juíz de Fora
6020;316020;Santo Antônio do Itambé;   3877;2017;  3805361;Teófilo Otoni
6030;316030;Santo Antônio do Jacinto;  11677;2017;  6930890;Teófilo Otoni
6040;316040;Santo Antônio do Monte;  28054;2017;142413070;Divinópolis
6045;316045;Santo Antônio do Retiro;   7256;2017;  3245768;Montes Claros
6050;316050;Santo Antônio do Rio Abaixo;   1770;2017;  2200657;Belo Horizonte
6060;316060;Santo Hipólito;   3109;2017;  5568658;Belo Horizonte
6070;316070;Santos Dumont;  46555;2017; 12593235;Juíz de Fora
6080;316080;São Bento Abade;   5220;2017; 13370610;Varginha
6090;316090;São Brás do Suaçuí;   3721;2017;  1829474;Barbacena
6095;316095;São Domingos das Dores;   5630;2017; 11540707;Ipatinga
6100;316100;São Domingos do Prata;  17393;2017; 22572049;Ipatinga
6105;316105;São Félix de Minas;   3377;2017;  3426282;Governador Valadares
6110;316110;São Francisco;  56163;2017; 39810653;Montes Claros
6120;316120;São Francisco de Paula;   6535;2017; 25174616;Divinópolis
6130;316130;São Francisco de Sales;   6200;2017; 61556024;Uberaba
6140;316140;São Francisco do Glória;   4889;2017;  7350118;Juíz de Fora
6150;316150;São Geraldo;  12164;2017;  8764299;Juíz de Fora
6160;316160;São Geraldo da Piedade;   4015;2017;  3396576;Governador Valadares
6165;316165;São Geraldo do Baixio;   3963;2017;  4258287;Governador Valadares
6170;316170;São Gonçalo do Abaeté;   6923;2017; 49366174;Patos de Minas
6180;316180;São Gonçalo do Pará;  12218;2017; 15031111;Divinópolis
6190;316190;São Gonçalo do Rio Abaixo;  10818;2017;  6326641;Ipatinga
6200;316200;São Gonçalo do Sapucaí;  25332;2017; 59720638;Varginha
6210;316210;São Gotardo;  35145;2017; 60278612;Patos de Minas
6220;316220;São João Batista do Glória;   7407;2017; 45026949;Varginha
6225;316225;São João da Lagoa;   4896;2017;  9108189;Montes Claros
6230;316230;São João da Mata;   2753;2017; 10699242;Pouso Alegre
6240;316240;São João da Ponte;  25235;2017; 16241116;Montes Claros
6245;316245;São João das Missões;  12899;2017;  4889124;Montes Claros
6250;316250;São João del Rei;  89653;2017; 83237641;Barbacena
6255;316255;São João do Manhuaçu;  11440;2017; 26012338;Juíz de Fora
6257;316257;São João do Manteninha;   5798;2017;  3275802;Governador Valadares
6260;316260;São João do Oriente;   7553;2017;  4667696;Ipatinga
6265;316265;São João do Pacuí;   4389;2017;  3982534;Montes Claros
6270;316270;São João do Paraíso;  23524;2017; 35143417;Montes Claros
6280;316280;São João Evangelista;  15781;2017; 15041898;Governador Valadares
6290;316290;São João Nepomuceno;  26272;2017; 12453718;Juíz de Fora
6292;316292;São Joaquim de Bicas;  30989;2017; 31372587;Belo Horizonte
6294;316294;São José da Barra;   7371;2017; 35264095;Varginha
6295;316295;São José da Lapa;  23385;2017; 10485565;Belo Horizonte
6300;316300;São José da Safira;   4255;2017;  1714927;Governador Valadares
6310;316310;São José da Varginha;   4927;2017; 39431350;Divinópolis
6320;316320;São José do Alegre;   4183;2017;  4208130;Pouso Alegre
6330;316330;São José do Divino;   3865;2017;  3979644;Teófilo Otoni
6340;316340;São José do Goiabal;   5454;2017;  7968228;Ipatinga
6350;316350;São José do Jacuri;   6477;2017; 11534329;Governador Valadares
6360;316360;São José do Mantimento;   2775;2017;  5464838;Juíz de Fora
6370;316370;São Lourenço;  45488;2017;  1653937;Pouso Alegre
6380;316380;São Miguel do Anta;   6933;2017; 19446181;Juíz de Fora
6390;316390;São Pedro da União;   4709;2017; 36462500;Varginha
6400;316400;São Pedro dos Ferros;   7858;2017; 18564772;Juíz de Fora
6410;316410;São Pedro do Suaçuí;   5291;2017;  5398528;Governador Valadares
6420;316420;São Romão;  12139;2017; 47057346;Montes Claros
6430;316430;São Roque de Minas;   7026;2017; 73325064;Varginha
6440;316440;São Sebastião da Bela Vista;   5455;2017; 11170483;Pouso Alegre
6443;316443;São Sebastião da Vargem Alegre;   2991;2017;  5407074;Juíz de Fora
6447;316447;São Sebastião do Anta;   6479;2017; 16880729;Ipatinga
6450;316450;São Sebastião do Maranhão;  10129;2017; 10254455;Governador Valadares
6460;316460;São Sebastião do Oeste;   6684;2017; 46454129;Divinópolis
6470;316470;São Sebastião do Paraíso;  70450;2017;123022533;Varginha
6480;316480;São Sebastião do Rio Preto;   1520;2017;  2179675;Belo Horizonte
6490;316490;São Sebastião do Rio Verde;   2231;2017;  3401343;Pouso Alegre
6500;316500;São Tiago;  10922;2017; 29810336;Barbacena
6510;316510;São Tomás de Aquino;   7042;2017; 46693097;Varginha
6520;316520;São Thomé das Letras;   7056;2017; 10221234;Varginha
6530;316530;São Vicente de Minas;   7687;2017; 34574898;Barbacena
6540;316540;Sapucaí-Mirim;   6869;2017;  9367423;Pouso Alegre
6550;316550;Sardoá;   6236;2017;  9346090;Governador Valadares
6553;316553;Sarzedo;  32069;2017;  1853733;Belo Horizonte
6555;316555;Setubinha;  12134;2017; 23114882;Teófilo Otoni
6556;316556;Sem-Peixe;   2661;2017;  3564288;Juíz de Fora
6557;316557;Senador Amaral;   5352;2017;  7482705;Pouso Alegre
6560;316560;Senador Cortes;   2007;2017;  2502344;Juíz de Fora
6570;316570;Senador Firmino;   7764;2017;  4221750;Juíz de Fora
6580;316580;Senador José Bento;   1545;2017;  4808052;Pouso Alegre
6590;316590;Senador Modestino Gonçalves;   4209;2017; 53616826;Teófilo Otoni
6600;316600;Senhora de Oliveira;   5786;2017; 12865550;Barbacena
6610;316610;Senhora do Porto;   3527;2017;  5748806;Governador Valadares
6620;316620;Senhora dos Remédios;  10451;2017;  9042588;Barbacena
6630;316630;Sericita;   7319;2017; 12672183;Juíz de Fora
6640;316640;Seritinga;   1848;2017;  8246315;Pouso Alegre
6650;316650;Serra Azul de Minas;   4293;2017;  2899919;Teófilo Otoni
6660;316660;Serra da Saudade;    786;2017;  3897432;Divinópolis
6670;316670;Serra dos Aimorés;   8685;2017; 10453216;Teófilo Otoni
6680;316680;Serra do Salitre;  11493;2017;150746516;Patos de Minas
6690;316690;Serrania;   7670;2017; 29368291;Varginha
6695;316695;Serranópolis de Minas;   4752;2017;  2830722;Montes Claros
6700;316700;Serranos;   1970;2017;  6924177;Pouso Alegre
6710;316710;Serro;  20993;2017; 17061463;Teófilo Otoni
6720;316720;Sete Lagoas; 237286;2017; 19097121;Belo Horizonte
6730;316730;Silveirânia;   2258;2017;  4453115;Juíz de Fora
6740;316740;Silvianópolis;   6227;2017; 19414084;Pouso Alegre
6750;316750;Simão Pereira;   2612;2017;  2498041;Juíz de Fora
6760;316760;Simonésia;  19528;2017; 45677154;Juíz de Fora
6770;316770;Sobrália;   5594;2017;  5264836;Governador Valadares
6780;316780;Soledade de Minas;   6112;2017;  9599099;Pouso Alegre
6790;316790;Tabuleiro;   3792;2017;  4137480;Juíz de Fora
6800;316800;Taiobeiras;  33858;2017; 42932039;Montes Claros
6805;316805;Taparuba;   3119;2017;  6671078;Juíz de Fora
6810;316810;Tapira;   4711;2017; 52944039;Uberaba
6820;316820;Tapiraí;   1879;2017; 12553925;Divinópolis
6830;316830;Taquaraçu de Minas;   4055;2017;  3524214;Belo Horizonte
6840;316840;Tarumirim;  14350;2017; 13245334;Governador Valadares
6850;316850;Teixeiras;  11650;2017; 15117554;Juíz de Fora
6860;316860;Teófilo Otoni; 140235;2017; 44650161;Teófilo Otoni
6870;316870;Timóteo;  89090;2017;   871475;Ipatinga
6880;316880;Tiradentes;   7886;2017;  1753649;Barbacena
6890;316890;Tiros;   6539;2017; 58483492;Patos de Minas
6900;316900;Tocantins;  16602;2017; 20483011;Juíz de Fora
6905;316905;Tocos do Moji;   4093;2017; 13935978;Pouso Alegre
6910;316910;Toledo;   6217;2017;  5910993;Pouso Alegre
6920;316920;Tombos;   8201;2017;  9749838;Juíz de Fora
6930;316930;Três Corações;  78913;2017;126620721;Varginha
6935;316935;Três Marias;  31984;2017; 65194711;Belo Horizonte
6940;316940;Três Pontas;  56546;2017;108291778;Varginha
6950;316950;Tumiritinga;   6698;2017;  7712689;Governador Valadares
6960;316960;Tupaciguara;  25253;2017;211508073;Uberlândia
6970;316970;Turmalina;  19797;2017; 71441290;Teófilo Otoni
6980;316980;Turvolândia;   5008;2017; 51665047;Pouso Alegre
6990;316990;Ubá; 114265;2017; 18524972;Juíz de Fora
7000;317000;Ubaí;  12466;2017;  8791652;Montes Claros
7005;317005;Ubaporanga;  12449;2017; 18313884;Ipatinga
7010;317010;Uberaba; 330361;2017;784149467;Uberaba
7020;317020;Uberlândia; 683247;2017;497808209;Uberlândia
7030;317030;Umburatiba;   2626;2017;  5081239;Teófilo Otoni
7040;317040;Unaí;  83808;2017;706072958;Patos de Minas
7043;317043;União de Minas;   4325;2017; 71115882;Uberaba
7047;317047;Uruana de Minas;   3267;2017; 14317760;Patos de Minas
7050;317050;Urucânia;  10371;2017; 31315211;Juíz de Fora
7052;317052;Urucuia;  16547;2017; 28449351;Patos de Minas
7057;317057;Vargem Alegre;   6491;2017;  2824102;Ipatinga
7060;317060;Vargem Bonita;   2158;2017; 11810606;Varginha
7065;317065;Vargem Grande do Rio Pardo;   4987;2017;  7863992;Montes Claros
7070;317070;Varginha; 134477;2017; 62923505;Varginha
7075;317075;Varjão de Minas;   7071;2017; 89461868;Patos de Minas
7080;317080;Várzea da Palma;  39173;2017; 55098416;Montes Claros
7090;317090;Varzelândia;  19335;2017;  6400922;Montes Claros
7100;317100;Vazante;  20537;2017;101585397;Patos de Minas
7103;317103;Verdelândia;   9265;2017; 21981073;Montes Claros
7107;317107;Veredinha;   5712;2017; 23751840;Teófilo Otoni
7110;317110;Veríssimo;   3951;2017; 72931229;Uberaba
7115;317115;Vermelho Novo;   4832;2017;  8845594;Ipatinga
7120;317120;Vespasiano; 125376;2017;   553792;Belo Horizonte
7130;317130;Viçosa;  78286;2017; 19425866;Juíz de Fora
7140;317140;Vieiras;   3629;2017;  5951415;Juíz de Fora
7150;317150;Mathias Lobato;   3227;2017;  2684361;Governador Valadares
7160;317160;Virgem da Lapa;  13764;2017;  5271760;Teófilo Otoni
7170;317170;Virgínia;   8685;2017; 20965032;Pouso Alegre
7180;317180;Virginópolis;  10537;2017; 22411209;Governador Valadares
7190;317190;Virgolândia;   5420;2017;  6081883;Governador Valadares
7200;317200;Visconde do Rio Branco;  42149;2017;  9466063;Juíz de Fora
7210;317210;Volta Grande;   5243;2017;  6234394;Juíz de Fora
7220;317220;Wenceslau Braz;   2558;2017;  2610954;Pouso Alegre
